{
  "IcoMoonType": "selection",
  "icons": [
    {
      "icon": {
        "paths": [
          "M512 0c-282.77 0-512 229.23-512 512s229.23 512 512 512 512-229.23 512-512-229.23-512-512-512zM704 256c35.346 0 64 28.654 64 64s-28.654 64-64 64-64-28.654-64-64 28.654-64 64-64zM320 256c35.346 0 64 28.654 64 64s-28.654 64-64 64-64-28.654-64-64 28.654-64 64-64zM512 832c-116.51 0-218.464-62.274-274.426-155.344l82.328-49.396c39.174 65.148 110.542 108.74 192.098 108.74s152.924-43.592 192.098-108.74l82.328 49.396c-55.962 93.070-157.916 155.344-274.426 155.344z"
        ],
        "tags": [
          "smile",
          "emoticon",
          "smiley",
          "face"
        ],
        "defaultCode": 59874,
        "grid": 16,
        "attrs": []
      },
      "attrs": [],
      "properties": {
        "ligatures": "smile2, emoticon4",
        "name": "smile2",
        "order": 3,
        "id": 227,
        "prevSize": 32
      },
      "setIdx": 0,
      "setId": 1,
      "iconIdx": 226
    },
    {
      "icon": {
        "paths": [
          "M512 0c-282.77 0-512 229.23-512 512s229.23 512 512 512 512-229.23 512-512-229.23-512-512-512zM320 256c35.346 0 64 28.654 64 64s-28.654 64-64 64-64-28.654-64-64 28.654-64 64-64zM768 640h-64v96c0 53.020-42.98 96-96 96s-96-42.98-96-96v-96h-256v-64h512v64zM704 384c-35.346 0-64-28.654-64-64s28.654-64 64-64 64 28.654 64 64-28.654 64-64 64z"
        ],
        "tags": [
          "tongue",
          "emoticon",
          "smiley",
          "face"
        ],
        "defaultCode": 59876,
        "grid": 16,
        "attrs": []
      },
      "attrs": [],
      "properties": {
        "ligatures": "tongue2, emoticon6",
        "name": "tongue2",
        "order": 7,
        "id": 229,
        "prevSize": 32
      },
      "setIdx": 0,
      "setId": 1,
      "iconIdx": 228
    },
    {
      "icon": {
        "paths": [
          "M512 0c-282.77 0-512 229.23-512 512s229.23 512 512 512 512-229.23 512-512-229.23-512-512-512zM704 256c35.346 0 64 28.654 64 64s-28.654 64-64 64-64-28.654-64-64 28.654-64 64-64zM320 256c35.346 0 64 28.654 64 64s-28.654 64-64 64-64-28.654-64-64 28.654-64 64-64zM704.098 780.74c-39.174-65.148-110.544-108.74-192.098-108.74-81.556 0-152.924 43.592-192.098 108.74l-82.328-49.396c55.96-93.070 157.916-155.344 274.426-155.344 116.508 0 218.464 62.274 274.426 155.344l-82.328 49.396z"
        ],
        "tags": [
          "sad",
          "emoticon",
          "smiley",
          "face"
        ],
        "defaultCode": 59878,
        "grid": 16,
        "attrs": []
      },
      "attrs": [],
      "properties": {
        "ligatures": "sad2, emoticon8",
        "name": "sad2",
        "order": 5,
        "id": 231,
        "prevSize": 32
      },
      "setIdx": 0,
      "setId": 1,
      "iconIdx": 230
    },
    {
      "icon": {
        "paths": [
          "M512 0c-282.77 0-512 229.23-512 512s229.226 512 512 512c282.77 0 512-229.23 512-512s-229.23-512-512-512zM640 768h-256v-64h256v64zM704 256c35.346 0 64 28.654 64 64s-28.654 64-64 64-64-28.654-64-64c0-35.346 28.654-64 64-64zM320 256c35.346 0 64 28.654 64 64s-28.654 64-64 64-64-28.654-64-64c0-35.346 28.654-64 64-64z"
        ],
        "tags": [
          "neutral",
          "emoticon",
          "smiley",
          "face"
        ],
        "defaultCode": 59896,
        "grid": 16,
        "attrs": []
      },
      "attrs": [],
      "properties": {
        "ligatures": "neutral2, emoticon26",
        "name": "neutral2",
        "order": 6,
        "id": 249,
        "prevSize": 32
      },
      "setIdx": 0,
      "setId": 1,
      "iconIdx": 248
    },
    {
      "icon": {
        "paths": [
          "M512 0c-282.77 0-512 229.23-512 512s229.23 512 512 512 512-229.23 512-512-229.23-512-512-512zM320 736c0 17.674-14.328 32-32 32s-32-14.326-32-32v-64c0-17.674 14.328-32 32-32s32 14.326 32 32v64zM320 544c0 17.674-14.328 32-32 32s-32-14.326-32-32v-64c0-17.672 14.328-32 32-32s32 14.328 32 32v64zM352 384h-128c-17.672 0-32-14.328-32-32s14.328-32 32-32h128c17.672 0 32 14.328 32 32s-14.328 32-32 32zM630.626 846.626c-6.248 6.25-14.436 9.374-22.626 9.374s-16.378-3.124-22.626-9.374c-4.582-4.582-29.42-14.626-73.374-14.626s-68.79 10.044-73.374 14.626c-12.496 12.496-32.758 12.496-45.254 0-12.498-12.496-12.498-32.758 0-45.254 30.122-30.12 92.994-33.372 118.628-33.372 25.632 0 88.506 3.252 118.626 33.374 12.498 12.496 12.498 32.756 0 45.252zM768 736c0 17.674-14.326 32-32 32s-32-14.326-32-32v-64c0-17.674 14.326-32 32-32s32 14.326 32 32v64zM768 544c0 17.674-14.326 32-32 32s-32-14.326-32-32v-64c0-17.672 14.326-32 32-32s32 14.328 32 32v64zM800 384h-128c-17.674 0-32-14.328-32-32s14.326-32 32-32h128c17.674 0 32 14.328 32 32s-14.326 32-32 32z"
        ],
        "tags": [
          "crying",
          "emoticon",
          "smiley",
          "face"
        ],
        "defaultCode": 59906,
        "grid": 16,
        "attrs": []
      },
      "attrs": [],
      "properties": {
        "ligatures": "crying2, emoticon36",
        "name": "crying2",
        "order": 4,
        "id": 259,
        "prevSize": 32
      },
      "setIdx": 0,
      "setId": 1,
      "iconIdx": 258
    }
  ],
  "height": 1024,
  "preferences": {
    "showGlyphs": true,
    "showQuickUse": true,
    "showQuickUse2": true,
    "showSVGs": true,
    "fontPref": {
      "prefix": "icon-",
      "metadata": {
        "fontFamily": "icomoon"
      },
      "metrics": {
        "emSize": 1024,
        "baseline": 6.25,
        "whitespace": 50
      },
      "embed": false
    },
    "imagePref": {
      "prefix": "icon-",
      "png": true,
      "useClassSelector": true,
      "color": 16777215,
      "bgColor": 16777215,
      "classSelector": ".icon",
      "name": "icomoon",
      "height": 32,
      "columns": 16,
      "margin": 16
    },
    "historySize": 50,
    "showCodes": true,
    "gridSize": 16
  }
}